question,answer
What programs does the university offer?,The university offers undergraduate and postgraduate programs in fields such as engineering business computer science economics and social sciences.
How can I apply for admission?,You can apply online through the university admissions portal by submitting the application form and required documents.
What are the admission requirements?,Admission requirements typically include academic transcripts identification documents and proof of English proficiency if applicable.
When does the admission period open?,The admission period usually opens several months before the start of each academic semester.
How much are the tuition fees?,Tuition fees vary depending on the program and level of study. Please check the university website for detailed fee structures.
Are scholarships available?,Yes the university offers various scholarships based on academic performance and financial need.
How can I apply for a scholarship?,Scholarship applications can be submitted through the university scholarship portal during the application period.
Does the university offer student housing?,Yes the university provides on-campus housing options for students subject to availability.
How do I apply for student accommodation?,Students can apply for accommodation through the student housing portal after receiving admission confirmation.
Does the university provide online courses?,Yes several programs and courses are available in online or blended learning formats.
What facilities are available on campus?,Campus facilities include libraries laboratories sports centers cafeterias and student study spaces.
Where is the university located?,The university campus is located in the main city area with easy access to public transportation.
What student support services are available?,Student support services include academic advising career counseling mental health support and tutoring services.
How can I contact the admissions office?,You can contact the admissions office through email or phone listed on the university's official website.
What is the duration of undergraduate programs?,Most undergraduate programs take three to four years to complete depending on the program.
Do international students need a visa?,Yes international students must obtain a student visa before beginning their studies.
Does the university provide internship opportunities?,Many programs offer internship opportunities through partnerships with industry organizations.
How can I reset my student portal password?,You can reset your password by clicking the "Forgot Password" option on the student portal login page.
When do classes start?,Class start dates are announced in the academic calendar available on the university website.
Is there a campus library?,Yes the university library provides access to books journals digital resources and study areas for students.